Country,comparison,diff,se,z,p,pole,sig
South Korea,Independent - Progressive,0.15697514825827147,0.09247185051447951,1.6975452246810163,0.08959362854639064,FALSE,+
South Korea,Conservative - Progressive,0.06717908648211568,0.08869520280317503,0.7574151065553555,0.4488012084869944,TRUE,
South Korea,Conservative - Independent,-0.08979606177615579,0.10284795463870718,-0.8730952607817903,0.3826111568534924,FALSE,
Germany,Center - Left,0.01305155002930003,0.08021489990094376,0.16270730307483028,0.8707488965987611,FALSE,
Germany,AfD - Left,0.05683586639713972,0.0910903960318479,0.6239501514217615,0.5326603227309508,TRUE,
Germany,AfD - Center,0.04378431636783969,0.09556668228877785,0.458154613294357,0.6468413648557452,FALSE,
Taiwan,TPP - DPP,0.09593589672390429,0.11119068706916005,0.8628051436019335,0.38824461066600935,FALSE,
Taiwan,KMT - DPP,0.19270703784346283,0.11050880790164455,1.7438160948670864,0.08119116304622304,TRUE,+
Taiwan,KMT - TPP,0.09677114111955853,0.10577253359637961,0.914898583112609,0.36024487396943977,FALSE,
